mixamo_joint,unreal_bone,osc_address
mixamorig:Hips,pelvis,/bone/pelvis/pitch
mixamorig:Hips,pelvis,/bone/pelvis/yaw
mixamorig:Hips,pelvis,/bone/pelvis/roll
mixamorig:Spine,spine_01,/bone/spine_01/pitch
mixamorig:Spine,spine_01,/bone/spine_01/yaw
mixamorig:Spine,spine_01,/bone/spine_01/roll
mixamorig:Spine1,spine_02,/bone/spine_02/pitch
mixamorig:Spine1,spine_02,/bone/spine_02/yaw
mixamorig:Spine1,spine_02,/bone/spine_02/roll
mixamorig:Spine2,spine_03,/bone/spine_03/pitch
mixamorig:Spine2,spine_03,/bone/spine_03/yaw
mixamorig:Spine2,spine_03,/bone/spine_03/roll
mixamorig:Neck,neck_01,/bone/neck_01/pitch
mixamorig:Neck,neck_01,/bone/neck_01/yaw
mixamorig:Neck,neck_01,/bone/neck_01/roll
mixamorig:Head,head,/bone/head/pitch
mixamorig:Head,head,/bone/head/yaw
mixamorig:Head,head,/bone/head/roll
mixamorig:RightShoulder,clavicle_r,/bone/clavicle_r/pitch
mixamorig:RightShoulder,clavicle_r,/bone/clavicle_r/yaw
mixamorig:RightShoulder,clavicle_r,/bone/clavicle_r/roll
mixamorig:RightArm,upperarm_r,/bone/upperarm_r/pitch
mixamorig:RightArm,upperarm_r,/bone/upperarm_r/yaw
mixamorig:RightArm,upperarm_r,/bone/upperarm_r/roll
mixamorig:RightForeArm,lowerarm_r,/bone/lowerarm_r/pitch
mixamorig:RightForeArm,lowerarm_r,/bone/lowerarm_r/yaw
mixamorig:RightForeArm,lowerarm_r,/bone/lowerarm_r/roll
mixamorig:RightHand,hand_r,/bone/hand_r/pitch
mixamorig:RightHand,hand_r,/bone/hand_r/yaw
mixamorig:RightHand,hand_r,/bone/hand_r/roll
mixamorig:RightHandThumb1,thumb_01_r,/bone/thumb_01_r/pitch
mixamorig:RightHandThumb1,thumb_01_r,/bone/thumb_01_r/yaw
mixamorig:RightHandThumb1,thumb_01_r,/bone/thumb_01_r/roll
mixamorig:RightHandThumb2,thumb_02_r,/bone/thumb_02_r/pitch
mixamorig:RightHandThumb2,thumb_02_r,/bone/thumb_02_r/yaw
mixamorig:RightHandThumb2,thumb_02_r,/bone/thumb_02_r/roll
mixamorig:RightHandThumb3,thumb_03_r,/bone/thumb_03_r/pitch
mixamorig:RightHandThumb3,thumb_03_r,/bone/thumb_03_r/yaw
mixamorig:RightHandThumb3,thumb_03_r,/bone/thumb_03_r/roll
mixamorig:RightHandIndex1,index_01_r,/bone/index_01_r/pitch
mixamorig:RightHandIndex1,index_01_r,/bone/index_01_r/yaw
mixamorig:RightHandIndex1,index_01_r,/bone/index_01_r/roll
mixamorig:RightHandIndex2,index_02_r,/bone/index_02_r/pitch
mixamorig:RightHandIndex2,index_02_r,/bone/index_02_r/yaw
mixamorig:RightHandIndex2,index_02_r,/bone/index_02_r/roll
mixamorig:RightHandIndex3,index_03_r,/bone/index_03_r/pitch
mixamorig:RightHandIndex3,index_03_r,/bone/index_03_r/yaw
mixamorig:RightHandIndex3,index_03_r,/bone/index_03_r/roll
mixamorig:RightHandMiddle1,middle_01_r,/bone/middle_01_r/pitch
mixamorig:RightHandMiddle1,middle_01_r,/bone/middle_01_r/yaw
mixamorig:RightHandMiddle1,middle_01_r,/bone/middle_01_r/roll
mixamorig:RightHandMiddle2,middle_02_r,/bone/middle_02_r/pitch
mixamorig:RightHandMiddle2,middle_02_r,/bone/middle_02_r/yaw
mixamorig:RightHandMiddle2,middle_02_r,/bone/middle_02_r/roll
mixamorig:RightHandMiddle3,middle_03_r,/bone/middle_03_r/pitch
mixamorig:RightHandMiddle3,middle_03_r,/bone/middle_03_r/yaw
mixamorig:RightHandMiddle3,middle_03_r,/bone/middle_03_r/roll
mixamorig:RightHandRing1,ring_01_r,/bone/ring_01_r/pitch
mixamorig:RightHandRing1,ring_01_r,/bone/ring_01_r/yaw
mixamorig:RightHandRing1,ring_01_r,/bone/ring_01_r/roll
mixamorig:RightHandRing2,ring_02_r,/bone/ring_02_r/pitch
mixamorig:RightHandRing2,ring_02_r,/bone/ring_02_r/yaw
mixamorig:RightHandRing2,ring_02_r,/bone/ring_02_r/roll
mixamorig:RightHandRing3,ring_03_r,/bone/ring_03_r/pitch
mixamorig:RightHandRing3,ring_03_r,/bone/ring_03_r/yaw
mixamorig:RightHandRing3,ring_03_r,/bone/ring_03_r/roll
mixamorig:RightHandPinky1,pinky_01_r,/bone/pinky_01_r/pitch
mixamorig:RightHandPinky1,pinky_01_r,/bone/pinky_01_r/yaw
mixamorig:RightHandPinky1,pinky_01_r,/bone/pinky_01_r/roll
mixamorig:RightHandPinky2,pinky_02_r,/bone/pinky_02_r/pitch
mixamorig:RightHandPinky2,pinky_02_r,/bone/pinky_02_r/yaw
mixamorig:RightHandPinky2,pinky_02_r,/bone/pinky_02_r/roll
mixamorig:RightHandPinky3,pinky_03_r,/bone/pinky_03_r/pitch
mixamorig:RightHandPinky3,pinky_03_r,/bone/pinky_03_r/yaw
mixamorig:RightHandPinky3,pinky_03_r,/bone/pinky_03_r/roll
mixamorig:LeftShoulder,clavicle_l,/bone/clavicle_l/pitch
mixamorig:LeftShoulder,clavicle_l,/bone/clavicle_l/yaw
mixamorig:LeftShoulder,clavicle_l,/bone/clavicle_l/roll
mixamorig:LeftArm,upperarm_l,/bone/upperarm_l/pitch
mixamorig:LeftArm,upperarm_l,/bone/upperarm_l/yaw
mixamorig:LeftArm,upperarm_l,/bone/upperarm_l/roll
mixamorig:LeftForeArm,lowerarm_l,/bone/lowerarm_l/pitch
mixamorig:LeftForeArm,lowerarm_l,/bone/lowerarm_l/yaw
mixamorig:LeftForeArm,lowerarm_l,/bone/lowerarm_l/roll
mixamorig:LeftHand,hand_l,/bone/hand_l/pitch
mixamorig:LeftHand,hand_l,/bone/hand_l/yaw
mixamorig:LeftHand,hand_l,/bone/hand_l/roll
mixamorig:LeftHandThumb1,thumb_01_l,/bone/thumb_01_l/pitch
mixamorig:LeftHandThumb1,thumb_01_l,/bone/thumb_01_l/yaw
mixamorig:LeftHandThumb1,thumb_01_l,/bone/thumb_01_l/roll
mixamorig:LeftHandThumb2,thumb_02_l,/bone/thumb_02_l/pitch
mixamorig:LeftHandThumb2,thumb_02_l,/bone/thumb_02_l/yaw
mixamorig:LeftHandThumb2,thumb_02_l,/bone/thumb_02_l/roll
mixamorig:LeftHandThumb3,thumb_03_l,/bone/thumb_03_l/pitch
mixamorig:LeftHandThumb3,thumb_03_l,/bone/thumb_03_l/yaw
mixamorig:LeftHandThumb3,thumb_03_l,/bone/thumb_03_l/roll
mixamorig:LeftHandIndex1,index_01_l,/bone/index_01_l/pitch
mixamorig:LeftHandIndex1,index_01_l,/bone/index_01_l/yaw
mixamorig:LeftHandIndex1,index_01_l,/bone/index_01_l/roll
mixamorig:LeftHandIndex2,index_02_l,/bone/index_02_l/pitch
mixamorig:LeftHandIndex2,index_02_l,/bone/index_02_l/yaw
mixamorig:LeftHandIndex2,index_02_l,/bone/index_02_l/roll
mixamorig:LeftHandIndex3,index_03_l,/bone/index_03_l/pitch
mixamorig:LeftHandIndex3,index_03_l,/bone/index_03_l/yaw
mixamorig:LeftHandIndex3,index_03_l,/bone/index_03_l/roll
mixamorig:LeftHandMiddle1,middle_01_l,/bone/middle_01_l/pitch
mixamorig:LeftHandMiddle1,middle_01_l,/bone/middle_01_l/yaw
mixamorig:LeftHandMiddle1,middle_01_l,/bone/middle_01_l/roll
mixamorig:LeftHandMiddle2,middle_02_l,/bone/middle_02_l/pitch
mixamorig:LeftHandMiddle2,middle_02_l,/bone/middle_02_l/yaw
mixamorig:LeftHandMiddle2,middle_02_l,/bone/middle_02_l/roll
mixamorig:LeftHandMiddle3,middle_03_l,/bone/middle_03_l/pitch
mixamorig:LeftHandMiddle3,middle_03_l,/bone/middle_03_l/yaw
mixamorig:LeftHandMiddle3,middle_03_l,/bone/middle_03_l/roll
mixamorig:LeftHandRing1,ring_01_l,/bone/ring_01_l/pitch
mixamorig:LeftHandRing1,ring_01_l,/bone/ring_01_l/yaw
mixamorig:LeftHandRing1,ring_01_l,/bone/ring_01_l/roll
mixamorig:LeftHandRing2,ring_02_l,/bone/ring_02_l/pitch
mixamorig:LeftHandRing2,ring_02_l,/bone/ring_02_l/yaw
mixamorig:LeftHandRing2,ring_02_l,/bone/ring_02_l/roll
mixamorig:LeftHandRing3,ring_03_l,/bone/ring_03_l/pitch
mixamorig:LeftHandRing3,ring_03_l,/bone/ring_03_l/yaw
mixamorig:LeftHandRing3,ring_03_l,/bone/ring_03_l/roll
mixamorig:LeftHandPinky1,pinky_01_l,/bone/pinky_01_l/pitch
mixamorig:LeftHandPinky1,pinky_01_l,/bone/pinky_01_l/yaw
mixamorig:LeftHandPinky1,pinky_01_l,/bone/pinky_01_l/roll
mixamorig:LeftHandPinky2,pinky_02_l,/bone/pinky_02_l/pitch
mixamorig:LeftHandPinky2,pinky_02_l,/bone/pinky_02_l/yaw
mixamorig:LeftHandPinky2,pinky_02_l,/bone/pinky_02_l/roll
mixamorig:LeftHandPinky3,pinky_03_l,/bone/pinky_03_l/pitch
mixamorig:LeftHandPinky3,pinky_03_l,/bone/pinky_03_l/yaw
mixamorig:LeftHandPinky3,pinky_03_l,/bone/pinky_03_l/roll
mixamorig:RightUpLeg,thigh_r,/bone/thigh_r/pitch
mixamorig:RightUpLeg,thigh_r,/bone/thigh_r/yaw
mixamorig:RightUpLeg,thigh_r,/bone/thigh_r/roll
mixamorig:RightLeg,calf_r,/bone/calf_r/pitch
mixamorig:RightLeg,calf_r,/bone/calf_r/yaw
mixamorig:RightLeg,calf_r,/bone/calf_r/roll
mixamorig:RightFoot,foot_r,/bone/foot_r/pitch
mixamorig:RightFoot,foot_r,/bone/foot_r/yaw
mixamorig:RightFoot,foot_r,/bone/foot_r/roll
mixamorig:RightToeBase,ball_r,/bone/ball_r/pitch
mixamorig:RightToeBase,ball_r,/bone/ball_r/yaw
mixamorig:RightToeBase,ball_r,/bone/ball_r/roll
mixamorig:LeftUpLeg,thigh_l,/bone/thigh_l/pitch
mixamorig:LeftUpLeg,thigh_l,/bone/thigh_l/yaw
mixamorig:LeftUpLeg,thigh_l,/bone/thigh_l/roll
mixamorig:LeftLeg,calf_l,/bone/calf_l/pitch
mixamorig:LeftLeg,calf_l,/bone/calf_l/yaw
mixamorig:LeftLeg,calf_l,/bone/calf_l/roll
mixamorig:LeftFoot,foot_l,/bone/foot_l/pitch
mixamorig:LeftFoot,foot_l,/bone/foot_l/yaw
mixamorig:LeftFoot,foot_l,/bone/foot_l/roll
mixamorig:LeftToeBase,ball_l,/bone/ball_l/pitch
mixamorig:LeftToeBase,ball_l,/bone/ball_l/yaw
mixamorig:LeftToeBase,ball_l,/bone/ball_l/roll
