timestamp,block_id,phase_label,l_abd,l_flex,l_er,r_abd,r_flex,r_er
1761183208.67417,1,abd_down,168.31123535845236,-69.53399152207703,170.22671242729615,-164.55481434597507,-74.68733366620118,0.0
1761183208.807113,1,abd_down,168.00381814903636,-69.5278460248021,0.0,-164.57320535493767,-74.93186672042329,0.0
1761183208.936928,1,abd_down,164.75030477020556,-69.67261232530596,7.294861099581826,-167.47927520345027,-75.14824226011186,55.432947221706236
1761183209.072083,1,abd_down,165.0282491268298,-69.06520968850239,0.0,-167.15225839889763,-75.55499417832219,0.0
1761183209.210851,1,abd_down,165.02241884550017,-68.82058687881926,0.0,-167.39669730010533,-75.57597180156785,0.0
1761183209.3367271,1,abd_down,163.985733265605,-69.64460349095503,0.0,-167.35769964175051,-76.08004906593274,0.0
1761183209.4695811,1,abd_down,163.1462617698539,-70.31458128980924,0.0,-167.213582438093,-76.5098966606819,0.0
1761183209.617318,1,abd_down,162.81528860095094,-70.33485467829772,0.0,-167.45515314852335,-76.59866176627925,0.0
1761183209.7342641,1,abd_down,163.23320167450203,-70.55205397295687,8.299101008053633,-166.82581453963127,-76.63484593680776,128.67861675286838
1761183209.871727,1,abd_down,163.16398512409629,-71.09418004633554,0.0,-166.60836242569752,-76.5598279981979,0.0
1761183210.012809,1,abd_down,163.20857083763536,-71.06712912972688,0.0,-166.6072764931385,-76.58401363776196,0.0
1761183210.1355379,1,abd_down,163.13163055175244,-70.98786987963081,0.0,-166.59035778456038,-76.76886153579152,0.0
1761183210.271342,1,abd_down,162.96499810233917,-71.15166303438599,8.82751952631198,-166.4031611607513,-76.96882980626633,0.0
1761183210.4092941,1,abd_down,163.47061436339482,-71.26822948644985,0.0,-165.63110084883095,-77.10572581429392,0.0
1761183210.5358,1,abd_down,164.07668319705803,-70.9626674115367,0.0,-166.0874009266334,-76.51711142014216,123.63897613190574
1761183210.671654,1,abd_down,164.18983804128717,-70.68796124338135,9.486483431503533,-166.3884198238564,-76.3806693474188,0.0
1761183210.8089359,1,abd_down,164.15432457484204,-70.7726877375085,9.558746061446316,-166.57351117619615,-76.22302791548786,113.71463410212957
1761183210.93519,1,abd_down,162.09456510901313,-70.49827439622014,0.0,-167.7994060539522,-77.03234789112763,134.0779753056445
1761183211.0651782,1,abd_down,162.73808751120802,-70.32597974606807,0.0,-167.2504924755835,-77.00753746971257,133.4708323496327
1761183211.210689,1,abd_down,161.6793534462847,-70.52191148914969,0.0,-167.91568415935097,-77.16312111784674,135.63040569797528
1761183211.335937,1,abd_down,159.7761155893294,-70.81108176535467,0.0,-169.29300445257317,-77.3592350218212,0.0
1761183211.470268,1,abd_down,160.42691778800597,-70.70010172554497,0.0,-168.8949823735888,-77.29034964914685,0.0
1761183211.608875,1,abd_down,162.1356142382679,-70.31677584773475,0.0,-167.84362566074435,-77.06062386200183,0.0
1761183211.735719,1,abd_down,162.2598314950721,-70.1860787102743,9.581634064993825,-167.94686023201123,-77.00977332224765,0.0
1761183211.8711371,1,abd_down,161.7674699765487,-69.9312873312762,0.0,-168.26803725618103,-77.3067276089237,137.94190970915457
1761183212.010311,1,abd_down,161.5634496147632,-70.24598333712206,9.62809477972854,-167.69356406307193,-77.70509670665696,0.0
1761183212.1355531,1,abd_down,162.6471355915734,-70.65726206180314,0.0,-167.9644402743213,-76.41895700163282,0.0
1761183212.3423538,1,abd_down,162.37505291535254,-70.96605275717312,0.0,-167.95144006653734,-76.45726471721433,0.0
1761183212.4692721,1,abd_down,162.42217447469685,-70.946574764299,0.0,-167.75749155505673,-76.65516439763836,126.94471334577118
1761183212.604766,1,abd_down,162.48279536719093,-70.99875244921759,0.0,-167.80372113612867,-76.59363385423401,0.0
1761183212.7360451,1,abd_down,162.6071231106356,-70.7936520375778,0.0,-167.95316719318777,-76.52761861140505,123.84839654633846
1761183212.877621,1,abd_down,163.10873853279026,-70.30748557410175,0.0,-168.5084485513029,-75.97281793806056,0.0
1761183213.008839,1,abd_down,163.28405925774342,-70.14814394986627,0.0,-168.61995821170316,-75.82924920263105,0.0
1761183213.1366222,1,abd_down,163.03652654105124,-69.94282004494136,10.411570555415572,-169.47328191815797,-75.39447557671798,68.00997588397682
1761183213.271598,1,abd_down,162.85835948069843,-70.0538309860872,0.0,-169.29682510933307,-75.70186443110693,87.02376663483624
1761183213.408216,1,abd_down,162.59300763962688,-70.12696643409372,0.0,-169.02005083947003,-76.13321003841895,-117.20958934873023
1761183213.53456,1,abd_down,163.06217096809868,-70.17375716932327,10.626295680843965,-169.0018732207139,-75.62583869219091,0.0
1761183213.672471,1,abd_down,163.98141802506188,-70.14351427132085,0.0,-168.3081962848346,-75.40468628057084,67.54539448701195
1761183213.808185,1,abd_down,164.723229334193,-69.75405104821644,10.800469887079618,-168.29815255729096,-74.94368163358021,0.0
1761183213.9379148,1,abd_down,164.11281815651716,-69.76396510698176,10.75857092177166,-168.75040828963108,-75.03762898212013,48.65898335181567
1761183214.070227,1,abd_down,163.83644306363752,-69.62846484246812,10.747802984955012,-168.89292171343578,-75.245663568695,59.90296218196257
1761183214.208655,1,abd_down,163.49236411100821,-70.15510417104254,10.697185525255778,-168.21548249905254,-75.81215422858493,0.0
1761183214.336874,1,abd_down,162.7076614034963,-70.2093824547088,10.633356987962616,-168.77323473317995,-75.8952203164259,0.0
1761183214.472069,1,abd_down,161.0343816007694,-70.61872509075934,10.293699297080305,-169.5411198517448,-76.29389089020536,114.92199286044779
1761183214.608246,1,abd_down,161.62652666924032,-70.27311584416773,0.0,-169.38373510090778,-76.04705274905423,105.81593715488944
1761183214.738245,1,abd_down,160.56774149313836,-70.28032091648457,0.0,-170.47069905729333,-75.97745631708288,0.0
1761183214.870529,1,abd_down,160.6354535689429,-70.07947126475806,0.0,-170.40670315650505,-76.09188277592447,0.0
1761183215.0118349,1,abd_down,160.58326638527393,-70.3422302004724,0.0,-170.1635704025219,-76.12935768825868,0.0
1761183215.1358452,1,abd_down,161.1521128559629,-70.33065003816145,10.030304460713173,-169.64982647441204,-76.02977642848339,0.0
1761183215.27072,1,abd_down,161.41411049996913,-70.05822199678721,172.55252579405575,-168.64801945736943,-76.75855265074155,0.0
1761183215.40824,1,abd_down,161.74180216586555,-70.07515538411674,0.0,-168.754192070074,-76.38058071605418,0.0
1761183215.5365279,1,abd_down,162.28532669097987,-69.88062642669877,9.927312659312166,-168.88118954148518,-75.91276665226987,0.0
1761183215.674957,1,abd_down,163.2277625334761,-69.90883740647033,10.04808744586326,-168.13110133540437,-75.78342515398822,0.0
1761183215.807741,1,abd_down,164.16280214887158,-69.5880847210347,10.123405609312291,-167.86626341438927,-75.43311415273205,74.65739131800787
1761183215.936436,1,abd_down,164.62788325669553,-69.58298124099461,10.33776448522593,-167.6240376351567,-75.34884963702315,0.0
1761183216.072502,1,abd_down,164.83441357896123,-69.97193342960635,0.0,-167.4327821520036,-75.2128319123785,61.06352162476148
1761183216.2063842,1,abd_down,165.434969628218,-69.46079641641114,10.616461457375086,-167.86457683717816,-74.57184985041374,0.0
1761183216.339023,1,abd_down,165.22411655128897,-69.52600897070863,10.70056854284301,-168.012681217646,-74.63593148098032,0.0
1761183216.47051,1,abd_down,164.50256658752104,-69.388583423413,0.0,-168.48284032292761,-74.99910531562811,0.0
1761183216.610834,1,abd_down,163.39720748628173,-70.1081912017766,10.67291634566857,-168.33050511115223,-75.64865987711588,0.0
1761183216.7365382,1,abd_down,163.65287331912765,-69.89777196423023,0.0,-168.18801315804257,-75.59118436372333,0.0
1761183216.863224,1,abd_down,163.4513378712389,-69.85173164511406,170.4276048111533,-168.34821479202665,-75.59733283114137,0.0
1761183217.014282,1,abd_down,163.53781719703423,-70.03584358004014,0.0,-168.33881310499214,-75.2718549813607,0.0
1761183217.136835,1,abd_down,163.7852540286083,-69.7764381505706,9.58936305438504,-168.08848615083969,-75.27119566692598,0.0
1761183217.2717571,1,abd_down,163.33835832100647,-69.93608435244127,0.0,-168.39481356905372,-75.23129590831259,66.38020839488158
1761183217.409495,1,abd_down,161.3318606729149,-69.82018050150786,0.0,-168.85627251393612,-76.33894116934822,116.84375684032946
1761183217.535239,1,abd_down,161.06266984714244,-69.83594164795763,8.85195022323556,-168.73072819384132,-76.4578271284333,119.60834095744438
1761183217.671346,1,abd_down,161.41993251461756,-69.64748657469983,8.697625566568867,-168.62405761903625,-76.24392819365832,0.0
1761183217.808056,1,abd_down,161.58927224397328,-69.6061903067449,0.0,-168.5498277061045,-76.14239489376243,110.6515827042966
1761183217.937449,1,abd_down,161.78774991351676,-69.59095143268353,0.0,-168.39818295794157,-76.06681393733147,0.0
1761183218.0727239,1,abd_down,163.0006359465944,-69.48720143520298,0.0,-166.87565243978207,-76.28716098807126,0.0
1761183218.209161,1,abd_down,162.8239896316959,-69.11110486348193,0.0,-167.0666822144676,-76.37690476755958,0.0
1761183218.339422,1,abd_down,163.56792835276494,-69.10704696689695,0.0,-166.4164157593111,-76.31386855799182,115.55759893608672
1761183218.470787,1,abd_down,164.7172253835308,-69.17389684796802,8.449923062561881,-165.29114541808698,-76.29807291795754,0.0
1761183218.609542,1,abd_down,165.470158899351,-69.2660582858082,0.0,-165.02514754603155,-76.00723223051234,105.82713053690105
1761183223.814971,2,abd_tpose,68.60586175759508,-11.39865899204865,0.0,-62.20589032321044,-1.2696583467700595,0.0
1761183223.94139,2,abd_tpose,70.52727487954294,-10.028505276065426,0.0,-61.26938118316869,-2.593918597142291,0.0
1761183224.073465,2,abd_tpose,71.38681955702147,-9.49819473537075,0.0,-60.37409684009366,-2.2655920665789746,0.0
1761183224.207838,2,abd_tpose,72.95599201492446,-9.455038952632252,6.122331758917934,-59.82959582336434,-1.7037003936695245,0.0
1761183224.345332,2,abd_tpose,72.93026719682045,-9.47037379131272,0.0,-58.52738755935295,-1.7254934484211206,0.0
1761183224.473697,2,abd_tpose,72.70553285300078,-9.572494380539034,-40.04784625522977,-57.874823184297206,-1.4680516593155337,0.0
1761183224.613421,2,abd_tpose,73.41357822504887,-9.711018153909551,0.0,-58.407889278984676,-1.1903347038914909,88.60902874438858
1761183224.74463,2,abd_tpose,72.15919614808259,-9.798448689030065,0.0,-60.00911086212684,-1.2744736509834853,0.0
1761183224.87309,2,abd_tpose,73.8680204529707,-9.70968053110514,0.0,-59.17680421541523,-1.3533296754289432,0.0
1761183225.013535,2,abd_tpose,71.70604603864709,-9.705666776002673,0.0,-60.739160267102044,-1.3085421228537715,88.28588628110866
1761183225.139138,2,abd_tpose,73.20709330042872,-9.756757073125021,-2.5067961189574453,-61.445161158725284,-1.3770121132064455,0.0
1761183225.271733,2,abd_tpose,71.23064131801351,-9.75052277126167,-41.50745886170493,-61.06469374855081,-1.5770886411077403,0.0
1761183225.4129322,2,abd_tpose,69.96583292264854,-9.742377357821635,0.0,-60.23412514144503,-1.5502537611693443,0.0
1761183225.537395,2,abd_tpose,71.93448982688281,-9.829193606261997,0.0,-59.92830004577334,-1.6446603447925108,0.0
1761183225.671957,2,abd_tpose,71.18892433510959,-9.874250603771637,-37.73445027169768,-60.49444961070202,-1.6957584032699673,0.0
1761183225.81487,2,abd_tpose,71.32311085070332,-9.955174911272993,-40.6384832785429,-60.39143484967137,-1.822673011935422,0.0
1761183225.93713,2,abd_tpose,68.66828053208334,-10.101486342445307,0.0,-61.617556093114516,-1.8607522736204039,0.0
1761183226.069685,2,abd_tpose,69.43350365282481,-10.253059260371476,13.557493406115691,-63.62992744368289,-2.0712114943259032,0.0
1761183226.214119,2,abd_tpose,72.24176638843123,-10.294214256274532,0.0,-63.98906567672822,-2.27332279477432,0.0
1761183226.339107,2,abd_tpose,73.59701729575679,-10.358251905398095,0.0,-64.13787721909904,-2.3260243184319496,0.0
1761183226.470948,2,abd_tpose,75.09122780890951,-10.493840112089734,-2.61639385136392,-63.81836988917679,-2.3526089748309564,0.0
1761183226.610643,2,abd_tpose,75.8715753286649,-10.623019219884632,0.0,-62.46831265149229,-2.364482846246015,0.0
1761183226.737447,2,abd_tpose,74.76911080976656,-10.79177471151335,0.0,-62.427636591826904,-2.432579587668689,0.0
1761183226.870497,2,abd_tpose,75.31587384330143,-10.82766242201415,0.0,-62.85212849826976,-2.49794881356942,0.0
1761183227.014543,2,abd_tpose,75.56882021753091,-10.844059750287428,0.0,-62.61681545282295,-2.4677659633147466,0.0
1761183227.136895,2,abd_tpose,75.51674639335356,-10.89004750980997,0.0,-61.816509168421284,-2.529234472079377,0.0
1761183227.27096,2,abd_tpose,74.4538671178849,-10.902657795781176,0.0,-60.84503073094384,-2.543343668231978,0.0
1761183227.412867,2,abd_tpose,75.23256238579516,-10.921199260699021,0.0,-62.95713322722323,-2.6319208367248046,0.0
1761183227.537765,2,abd_tpose,77.26957920501609,-10.978864128886956,0.0,-63.34506550014346,-2.679447543772122,0.0
1761183227.671106,2,abd_tpose,77.72762163348135,-10.996416356398946,0.0,-63.93965461531541,-2.7574388888975756,89.78382935992954
1761183227.8116229,2,abd_tpose,77.47538441556486,-11.002243787298328,0.0,-64.59179441900442,-2.841455460004228,0.0
1761183227.937505,2,abd_tpose,76.0146155470364,-10.959529121231572,0.0,-63.84734306074809,-2.875250255002278,0.0
1761183228.0697799,2,abd_tpose,76.32924837523817,-10.928049530276684,0.0,-62.9216243178947,-2.87349414450981,0.0
1761183228.211087,2,abd_tpose,75.2196318089891,-10.957909954894593,0.0,-62.907710223172295,-2.8314158384010133,0.0
1761183228.353178,2,abd_tpose,73.73860970751426,-10.991174088988116,0.0,-61.98803959197969,-2.752267381579599,0.0
1761183228.471959,2,abd_tpose,76.1619697999751,-11.041870041749855,0.0,-62.89379457152621,-2.7893050754124826,0.0
1761183228.613755,2,abd_tpose,78.10581609599302,-10.993975223173893,0.0,-62.942003473219806,-2.818429854944245,0.0
1761183228.739276,2,abd_tpose,77.39565577605443,-10.958486648439273,0.0,-62.13381573912029,-2.7921715800162654,90.1255108583891
1761183228.863724,2,abd_tpose,77.45986848985949,-10.864160081320609,0.0,-62.10361969870671,-2.7890526326558778,0.0
1761183229.018469,2,abd_tpose,77.68166465180445,-10.808305227513042,0.0,-63.05733150309485,-2.755356673683229,89.97016436172656
1761183229.138624,2,abd_tpose,79.7849862408972,-10.818348437856693,0.0,-63.34542440972011,-2.7186901046465017,0.0
1761183229.271366,2,abd_tpose,79.18826347273907,-10.825678030213561,0.0,-62.95031680216142,-2.7282506228122343,0.0
1761183229.414451,2,abd_tpose,77.84651951490719,-10.81885548702087,0.0,-62.37067662530062,-2.7068116776543434,0.0
1761183229.540451,2,abd_tpose,78.51674550879879,-10.86850795388469,-0.9947125937128125,-61.06132644673363,-2.653299609017769,0.0
1761183229.671885,2,abd_tpose,78.7459276220075,-10.970939266880352,0.0,-61.17879523863622,-2.610323044174253,0.0
1761183229.812407,2,abd_tpose,80.83244417104181,-10.981412444488223,-3.700098257559718,-62.68656654193406,-2.696193374425795,0.0
1761183229.936852,2,abd_tpose,80.5771117966232,-10.965145639598228,0.0,-62.617588328658755,-2.7012899834017903,90.29003285207054
1761183230.0684018,2,abd_tpose,79.43297624306219,-10.95763991314191,0.0,-62.723204318899704,-2.703111538081481,0.0
1761183230.1778162,2,abd_tpose,75.99692840245777,-10.95418591547875,0.0,-62.598825292948334,-2.671262120561201,90.14943894976618
1761183230.3087099,2,abd_tpose,71.68831272194663,-10.889685638899179,0.0,-61.78644482210931,-2.650367286501497,0.0
1761183230.437498,2,abd_tpose,72.61560958527373,-10.881807604508543,0.0,-61.67385149513703,-2.6564334119962973,0.0
1761183230.573026,2,abd_tpose,72.90655079754649,-10.8550239766003,0.0,-61.7032099777981,-2.653488138552381,0.0
1761183230.706354,2,abd_tpose,73.11135344470405,-10.850395173751016,0.0,-60.237118654407624,-2.6010330816944927,0.0
1761183230.8381681,2,abd_tpose,73.40736089057927,-10.857907335975852,0.0,-61.182790787593326,-2.5933820492962765,0.0
1761183230.9750679,2,abd_tpose,73.93560054455247,-10.87768565254781,0.0,-62.42840031354277,-2.6203298229089382,90.1181580530966
1761183231.105731,2,abd_tpose,74.27447919645478,-10.9289850067114,-28.223879195026054,-62.88227529633664,-2.5804321882989147,90.08002444867198
1761183231.237529,2,abd_tpose,77.43502994938783,-10.967673189970983,0.0,-62.984477001898114,-2.574534704853871,0.0
1761183231.373617,2,abd_tpose,75.62973747505553,-10.979145444563903,4.290867185422678,-61.70092890296056,-2.526238882600624,89.92300029092772
1761183231.505909,2,abd_tpose,73.83393760281056,-10.96816998296768,0.0,-61.43187782027849,-2.499502753480509,-94.69666463501612
1761183231.6377149,2,abd_tpose,72.14100879283447,-10.901407206950298,-0.8227150917358882,-61.4778566492083,-2.522501947077644,0.0
1761183231.773628,2,abd_tpose,71.14374793811803,-10.892657935548268,0.0,-62.174002363834795,-2.5164202308448878,0.0
1761183231.9068391,2,abd_tpose,73.33970567413944,-10.9297912366952,0.0,-63.43697399150931,-2.535578004686311,0.0
1761183232.039019,2,abd_tpose,77.23844186072266,-10.951039678854006,-5.409454210852242,-63.39896618510431,-2.5281720927971807,0.0
1761183232.174807,2,abd_tpose,76.10256098668656,-10.952228352687897,0.0,-61.14054958279872,-2.431073413680591,0.0
1761183232.3070998,2,abd_tpose,76.26337567999363,-10.945344286582424,0.0,-61.90141511283169,-2.4350049754159704,0.0
1761183232.439629,2,abd_tpose,78.8232139609971,-11.014008250482814,-1.2394137463896306,-61.49180408905254,-2.395495873306453,0.0
1761183232.574141,2,abd_tpose,79.87777137476822,-11.016769157607055,0.0,-60.72194540212815,-2.359162474370936,0.0
1761183232.70711,2,abd_tpose,81.29119426632752,-11.009301795241992,0.0,-61.41489932449903,-2.379261082198203,0.0
1761183232.836203,2,abd_tpose,82.4570471113088,-10.98663543501355,0.0,-61.60683523638667,-2.384168583462118,0.0
1761183232.975229,2,abd_tpose,81.05406012398129,-11.038048036542012,0.0,-61.89241473182612,-2.37504013107973,0.0
1761183233.106137,2,abd_tpose,80.47535254145816,-11.023242747340381,0.0,-61.89655965091512,-2.3816797164121732,0.0
1761183233.2424161,2,abd_tpose,79.93733512197639,-11.016021871825558,0.0,-61.99913243860492,-2.3778728409586614,0.0
1761183233.375306,2,abd_tpose,79.88837256753118,-11.010386825734765,10.861066285701742,-63.047732375236926,-2.4138004761606804,0.0
1761183233.506227,2,abd_tpose,77.43777012123677,-11.009482447788772,0.0,-62.16780764783253,-2.4215711159711164,0.0
1761183233.6410382,2,abd_tpose,78.12317181075308,-11.006213014669415,0.0,-61.41409556101316,-2.4250787180887534,0.0
1761183233.7641878,2,abd_tpose,78.31830548374444,-10.998146520368671,0.0,-61.84801095043125,-2.4459697986488314,89.59578441791275
1761183238.9754062,3,abd_up,16.49891844268535,69.35418185134948,0.0,-25.29110740937682,56.76936645892738,0.0
1761183239.107022,3,abd_up,16.249066172836446,68.75742429505821,0.0,-24.23043793990986,56.189767860625544,0.0
1761183239.241027,3,abd_up,16.322431568587135,68.9540537217311,47.3127130323804,-23.657100535772578,55.350220472070816,0.0
1761183239.37456,3,abd_up,15.95556128255048,68.2415179257083,0.0,-23.126822055344583,55.32660590059342,-12.880601240410599
1761183239.506712,3,abd_up,13.372113687359345,67.07983446920642,39.643101018176154,-23.776369559132366,54.29183373874125,-13.456170932006172
1761183239.6406028,3,abd_up,9.067239040995215,62.907059567629844,0.0,-25.701386256779067,54.28918732570204,0.0
1761183239.774406,3,abd_up,8.264404571694783,61.85184429391445,99.73649248505606,-25.3149584831235,54.16116949083763,0.0
1761183239.907441,3,abd_up,9.018351353073168,61.56762494473245,86.97098984066771,-24.148156755753348,54.01596199671524,0.0
1761183240.0431511,3,abd_up,10.993817664750615,61.697498617667186,-68.89394717621549,-21.991670434585888,54.16209372377602,-12.89743723479733
1761183240.176141,3,abd_up,11.254516758676115,61.57000696926724,0.0,-21.509193854676436,54.22575798857774,0.0
1761183240.308962,3,abd_up,10.41736086887246,61.31354265804757,0.0,-22.045254432582578,54.090982067342196,0.0
1761183240.440234,3,abd_up,9.956791046287465,61.13807340403015,-61.58465793441392,-22.52450889770862,54.172178767187354,0.0
1761183240.574133,3,abd_up,8.33000364530135,60.03193856315873,-49.69362670471073,-23.729251246477613,54.230005869194244,-12.471012141078198
1761183240.707354,3,abd_up,7.91161226360493,60.170804284618065,0.0,-24.365135984082922,54.478906345457894,-12.444935719341304
1761183240.840659,3,abd_up,8.095905130206852,61.30848555096239,0.0,-25.22968880663177,54.85419267584128,-12.18259277071678
1761183240.9742348,3,abd_up,7.44741136684748,61.250242637973926,0.0,-25.517303910137848,54.34920547710146,-12.504097667286212
1761183241.10676,3,abd_up,8.259910180020027,62.54183612378076,0.0,-26.424369017454897,55.59661609794807,-11.577012777101256
1761183241.241843,3,abd_up,9.476855032116617,64.96013300849914,0.0,-26.520995351332633,54.984870349975935,-11.822200137270434
1761183241.377286,3,abd_up,8.247461075387237,64.62315442756666,0.0,-27.062437958704063,54.79736270078494,0.0
1761183241.506069,3,abd_up,9.026492159621212,65.99896417880994,37.493175866076925,-27.25859071400655,54.527183140757934,-11.949520630716076
1761183241.653337,3,abd_up,8.369792113783292,65.7893278866752,0.0,-27.6581955813191,54.55400306286391,0.0
1761183241.775156,3,abd_up,8.253201394382215,65.94700257253467,0.0,-28.051161779879276,55.09679734217723,-11.374926846870984
1761183241.906942,3,abd_up,7.96622155339666,65.80757300369436,0.0,-28.14239725147796,55.16921010842152,0.0
1761183242.0421052,3,abd_up,9.233572636348766,66.80724235986571,0.0,-28.388603534658454,55.98128307305933,-10.25486668235256
1761183242.174867,3,abd_up,9.04646310061635,66.72037837317433,0.0,-28.59200215769183,56.08377068428688,0.0
1761183242.307992,3,abd_up,8.761134291001529,66.44342119184466,-7.674337181179704,-28.476696217381864,55.85285046587964,0.0
1761183242.444868,3,abd_up,6.325114584986159,64.40265900660302,0.0,-28.355247938397103,54.903415638201544,0.0
1761183242.5755,3,abd_up,8.38023986956422,64.46753376674387,-106.53843976188934,-26.559960764169812,55.6463056990376,-10.339492488188917
1761183242.710994,3,abd_up,8.482052619263056,64.57197857645355,0.0,-26.46563000070516,55.66649893598504,0.0
1761183242.8439538,3,abd_up,8.04649972338011,64.4655037402276,0.0,-26.564608266850993,55.670603272979896,0.0
1761183242.9767292,3,abd_up,9.254996717140894,65.36456318653241,0.0,-25.461702808906583,55.08152634439952,-10.803664303289263
1761183243.109768,3,abd_up,9.352959051751343,66.44673690207752,-4.746562116388978,-26.049127098381035,54.9602976683352,0.0
1761183243.21923,3,abd_up,9.349642371668626,66.89227588382207,-5.587814126107642,-26.184473974040827,54.72128797169484,-11.404981703233858
1761183243.34077,3,abd_up,9.792316828958075,66.67264850572256,0.0,-25.593649099330747,54.98762921495902,0.0
1761183243.475392,3,abd_up,8.970534323223514,66.53596201785007,0.0,-26.07237926547342,54.69181349033027,0.0
1761183243.614145,3,abd_up,10.580932262535693,68.17155501751529,0.0,-25.83676344516001,54.35704696832393,-11.806341860447022
1761183243.7476091,3,abd_up,9.541181261301146,66.1227211298554,0.0,-24.39418595662531,54.135909432417535,-12.057728278867888
1761183243.876377,3,abd_up,10.217496284576104,66.80853964994756,0.0,-24.371081359485373,54.126222899140274,0.0
1761183244.017924,3,abd_up,10.356277364763677,67.28936443449152,-5.5034386836880165,-24.95128849014145,54.385339374900255,-11.751977439773244
1761183244.140519,3,abd_up,10.531958993193609,67.60144345938312,0.0,-25.20463602285291,54.4910512712817,0.0
1761183244.3292632,3,abd_up,10.369109389837032,67.52526963033033,0.0,-25.29649544799444,54.56510906519587,-11.654661382834302
1761183244.441983,3,abd_up,9.942289129838525,67.2321275839778,0.0,-25.91516427690107,55.44266152310546,-11.073350562782261
1761183244.575713,3,abd_up,10.361680491965547,67.48014850587795,0.0,-26.594898746621876,56.9837269449544,0.0
1761183244.7101572,3,abd_up,10.1875252736354,67.35934684578054,0.0,-26.578802775907384,56.814462125741365,0.0
1761183244.8426769,3,abd_up,10.953103397865034,67.6963494316162,-6.081117175274618,-26.262516138428776,56.88657209908773,0.0
1761183244.97757,3,abd_up,11.63220408704944,68.20966687723303,0.0,-26.99207712212174,57.87144427696784,-6.40818763951293
1761183245.107021,3,abd_up,10.760337916572459,67.3846337819046,0.0,-27.029559137620772,57.87829403711067,0.0
1761183245.2435892,3,abd_up,11.39172065299082,67.79344569090897,0.0,-26.23107665909324,57.03470771542508,-8.971495973587283
1761183245.38489,3,abd_up,10.191138735417711,66.73728597962814,-4.055341313087434,-25.728927624817388,56.07985977700736,0.0
1761183245.504986,3,abd_up,10.197139874945371,66.63342428772916,0.0,-26.16425844236441,56.739067256030204,0.0
1761183245.644934,3,abd_up,10.025144814634343,66.33317624610093,-3.2030662332731805,-26.48845976090583,57.51240879500148,0.0
1761183245.7753978,3,abd_up,10.9634429482725,66.47373113326961,0.0,-26.08021446334951,58.213596477121214,0.0
1761183245.90978,3,abd_up,11.600272565824207,66.35314225685973,0.0,-24.781134470715557,57.39773181514409,0.0
1761183246.0401332,3,abd_up,13.048696033642658,66.25340051619814,0.0,-22.844853794295208,56.87418990726333,-9.040250808771402
1761183246.176472,3,abd_up,14.142405266277942,66.45791540390624,0.0,-22.492566935971933,57.75308510194037,-6.883480325939761
1761183246.307541,3,abd_up,14.814714206420533,67.16080113652689,0.0,-22.429228774596606,57.62082672617155,0.0
1761183246.443369,3,abd_up,16.77108899405389,68.13041911787235,-6.407005148054505,-21.701858838314998,57.90306749313166,0.0
1761183246.576514,3,abd_up,16.651299546025328,67.56786181103811,0.0,-21.37422801784783,57.98850262379855,0.0
1761183246.705973,3,abd_up,15.508840862305327,66.53501516756229,0.0,-21.39907597722019,57.983798805027256,-5.273499336903862
1761183246.8431869,3,abd_up,14.37494572493604,66.11779952743511,0.0,-21.019129535681227,56.71435475747059,0.0
1761183246.971624,3,abd_up,13.831405560800635,65.59142437042077,0.0,-19.85319994879977,54.94432668259675,0.0
1761183247.107428,3,abd_up,11.877086874478358,63.06969202337916,0.0,-19.334449852867696,54.32260545683491,-10.831786684854574
1761183247.243679,3,abd_up,13.506789766177508,63.55556406217736,0.0,-19.72682259011313,56.80667702295496,0.0
1761183247.3758981,3,abd_up,9.769546265236716,62.59794546351913,-79.9868471266527,-22.8757220481801,56.488229325036684,0.0
1761183247.509008,3,abd_up,9.811029050092019,62.789845608514774,0.0,-23.14810268804791,56.35562902242634,0.0
1761183247.643598,3,abd_up,9.816700802487826,63.895360477408744,0.0,-24.516480132558325,57.11143598438009,0.0
1761183247.7759922,3,abd_up,10.108990491317076,64.11602942848782,-104.34051964326952,-24.628252774445016,57.42815404192173,0.0
1761183247.9050639,3,abd_up,7.701113997845645,63.873232608791184,-102.39351561909099,-25.617739064575023,55.373463550347914,-10.075632081076453
1761183248.049982,3,abd_up,6.8168787431505615,64.31378890779966,-108.53277941040648,-26.88959768238582,55.52937505962102,-9.77364816582884
1761183248.174413,3,abd_up,8.149581391857488,63.99018978102202,0.0,-25.485523407604724,55.875997279326356,0.0
1761183248.306933,3,abd_up,10.985560461126713,65.5215936781104,0.0,-25.448371633167522,57.97577653913745,0.0
1761183248.442889,3,abd_up,9.320246509153362,63.7946400914353,0.0,-25.453136224053733,57.63857955223808,0.0
1761183248.576662,3,abd_up,9.373652292102573,63.8666636276008,0.0,-25.239623469925206,57.407322774875894,0.0
1761183248.708184,3,abd_up,8.927575295519153,63.615044062204994,-98.60132950670238,-24.743468620331473,56.43317921379792,0.0
1761183248.8435352,3,abd_up,9.603566974849045,64.09312328410059,-104.85198155161758,-24.56176471978029,56.61998377798304,0.0
1761183248.9775932,3,abd_up,10.86586818326302,64.40122010446953,-107.9855315795939,-24.08064300615229,57.47370061102245,0.0
1761183254.175742,4,flex_down,162.34224259776045,-68.36985930296736,15.186278510218077,-178.74067769761092,-75.40095793994293,0.0
1761183254.309651,4,flex_down,164.27332732269036,-67.04805099332852,0.0,-177.81637146901406,-76.0964043733113,0.0
1761183254.443398,4,flex_down,164.63695539455082,-66.92989356846486,0.0,-177.52106077894246,-76.28023974438463,0.0
1761183254.576724,4,flex_down,165.10092323124093,-67.03112285161686,0.0,-177.0325514490725,-76.02385006262413,0.0
1761183254.711203,4,flex_down,164.96309792832244,-68.05865347225793,-161.9348040811218,-176.52944737795931,-75.55529490352271,0.0
1761183254.8179998,4,flex_down,162.73115547024534,-68.64903290891182,15.435965873623797,-178.18419427145255,-75.48511244434859,-45.784894456253234
1761183254.942553,4,flex_down,162.62429020513355,-69.1009185590314,0.0,-177.6524522885324,-75.94577121406599,0.0
1761183255.077628,4,flex_down,161.7548204716923,-69.40463484467105,0.0,-178.20982847783597,-76.02545279058998,0.0
1761183255.218965,4,flex_down,162.08605536085778,-69.6150470160741,0.0,-177.6219089243388,-76.1529290449744,0.0
1761183255.3458612,4,flex_down,162.01342301777328,-69.04847316182223,0.0,-178.197978335621,-75.93847736250542,-103.96062983526464
1761183255.4763489,4,flex_down,162.28275458470677,-68.9736811391372,-161.7520848700123,-178.06034234384597,-75.73594438452179,0.0
1761183255.616676,4,flex_down,162.5701809797906,-68.27745048737009,0.0,-178.39105216024572,-75.90772821073526,0.0
1761183255.742686,4,flex_down,163.29290258816948,-67.94348865371046,0.0,-178.13803254312086,-75.70250467892421,0.0
1761183255.873015,4,flex_down,162.97787551995089,-68.39955880267989,0.0,-178.00943477277434,-76.79955422255398,-159.0502522045435
1761183256.0162618,4,flex_down,162.6812255105981,-68.47716220104782,16.03778287431577,-178.51701117456267,-76.76592509422807,0.0
1761183256.141758,4,flex_down,162.68570221884158,-68.75651894086798,0.0,-178.47245717686576,-76.46108566336886,0.0
1761183256.275876,4,flex_down,162.35096997511772,-68.54887618876373,0.0,-179.1465815067652,-76.25404330027565,-131.71777645235696
1761183256.41973,4,flex_down,162.00044436242973,-68.74965752724285,16.8367552299199,-179.4016785442003,-76.18412898819685,0.0
1761183256.54176,4,flex_down,161.79040498476095,-68.82651606715336,0.0,-179.68140533866543,-75.73324665727613,0.0
1761183256.675926,4,flex_down,161.69266275489807,-68.85934542878118,0.0,-179.73114383584888,-75.91823083006177,0.0
1761183256.814164,4,flex_down,160.86647511858664,-68.91159032621978,0.0,179.39721360389098,-75.69681932629416,0.0
1761183256.9443688,4,flex_down,161.2619586612387,-68.66678863644474,0.0,179.59626309570265,-75.85922230787055,0.0
1761183257.075231,4,flex_down,161.00521469935418,-68.57328287372073,0.0,179.26617119199793,-75.93275144681354,-101.54099471824321
1761183257.214477,4,flex_down,160.83453856541422,-68.3878574040668,0.0,178.97934655156726,-75.9724087666867,0.0
1761183257.34319,4,flex_down,161.06036834925956,-68.39868332480853,0.0,179.3256556361044,-75.96878751678321,-108.9838227142598
1761183257.479529,4,flex_down,161.69691020504146,-68.59019395839766,0.0,-179.71646280987588,-76.48292586548905,-149.10029349890627
1761183257.614184,4,flex_down,161.17881412960983,-68.56137741193248,16.568138519793415,179.9325399960987,-76.95257812823874,0.0
1761183257.7441971,4,flex_down,159.3728565585881,-68.5569261176269,16.415113792465313,178.21207056687362,-76.92190650300915,0.0
1761183257.874687,4,flex_down,159.79552290042417,-68.49076142095599,16.38272196424253,178.57965120715588,-76.91846456491987,0.0
1761183258.020728,4,flex_down,160.63849723184256,-68.43469508193583,16.370815535245345,179.18753045087112,-76.09024772672144,0.0
1761183258.1444108,4,flex_down,160.71998150886935,-68.42468404279937,0.0,179.27452955895254,-76.09078528182219,0.0
1761183258.275636,4,flex_down,160.16923340233578,-68.25346658903361,0.0,178.74636256608488,-76.71621524260402,0.0
1761183258.4281678,4,flex_down,161.58605993927156,-67.81448404253644,0.0,179.69092707190677,-76.40440778394212,0.0
1761183258.5420742,4,flex_down,162.10294431905874,-67.79518458306774,0.0,179.96936530683914,-75.27142676576294,0.0
1761183258.6786828,4,flex_down,162.8039859682658,-67.84400479353373,0.0,-179.48981932498353,-74.49704182936823,0.0
1761183258.817377,4,flex_down,162.39830497055664,-67.66977832261512,0.0,179.8678648968586,-74.47310322571171,0.0
1761183258.948252,4,flex_down,162.3965785504353,-67.7408076642877,0.0,179.79316787294198,-74.65403575132868,0.0
1761183259.075874,4,flex_down,162.49110400477576,-68.23841842925665,0.0,-179.93651376000204,-74.58110861355682,-16.994191328207872
1761183259.213902,4,flex_down,162.59495222764323,-68.0121425389873,0.0,179.99928205108958,-75.37371107797418,-35.802279073988664
1761183259.3438652,4,flex_down,162.86693973204657,-67.95980180090746,17.6545126569013,-179.82020402353746,-75.3724297211725,0.0
1761183259.477077,4,flex_down,162.591495374968,-68.09168509839584,0.0,179.99980936836607,-75.37226729677143,-35.34624830039598
1761183259.615571,4,flex_down,162.4863467484075,-67.89707437964097,0.0,179.73181590840048,-75.6201416720577,0.0
1761183259.744029,4,flex_down,161.40652276305235,-67.94286623620305,0.0,178.7376716390886,-75.53756086530308,0.0
1761183259.874105,4,flex_down,160.67564395380444,-68.37388058569225,17.818471004263504,178.41193317174108,-75.17069005901007,0.0
1761183260.01971,4,flex_down,160.44282896535262,-68.50769963869627,-163.05030297570514,178.4376919526325,-75.57875985422609,0.0
1761183260.14157,4,flex_down,159.51344259176938,-69.03642612862606,0.0,178.37011580337284,-76.55680378327337,-157.3340114703618
1761183260.328026,4,flex_down,160.12348061656124,-68.90795085610964,17.267773333249245,179.05784223960268,-76.6751348916118,-160.32455161098375
1761183260.441076,4,flex_down,160.54183601900823,-68.75437632970505,17.14913290902139,179.30466173097992,-76.42793415691438,-152.42461718344876
1761183260.57854,4,flex_down,161.28881784801706,-68.80411720864033,17.166613641435184,179.99552523017246,-75.90350728305879,0.0
1761183260.711463,4,flex_down,161.3007184715346,-68.19167523896732,0.0,179.51518831206343,-75.92080596396917,0.0
1761183260.84462,4,flex_down,161.51191773853225,-68.15951377093751,16.596787992063287,179.5999615568702,-75.46568523233113,-46.954089719118976
1761183260.977851,4,flex_down,161.75412875649127,-68.12270193152852,16.578713450933158,179.73288679013646,-75.12201776319263,0.0
1761183261.112397,4,flex_down,161.83927309818276,-68.21099228586813,0.0,179.91714362933072,-75.23349929732696,0.0
1761183261.244977,4,flex_down,162.3509974889733,-68.2050564814736,0.0,-179.64229567935126,-74.92957864550773,0.0
1761183261.3791602,4,flex_down,162.33013855473567,-67.90650518868463,0.0,-179.89566035015682,-74.94475768899017,0.0
1761183261.515872,4,flex_down,162.44769334504565,-67.92958408383797,16.262082690826574,-179.8022682964295,-74.65444191995202,-20.374499033489037
1761183261.6458151,4,flex_down,162.6858053024258,-67.9815123884874,16.322872752347887,-179.58889570520614,-74.432895083221,0.0
1761183261.774921,4,flex_down,162.7928442795036,-68.4083658440282,16.749414410390642,-179.2000925357824,-74.51450929324925,0.0
1761183261.911453,4,flex_down,162.71017967288324,-68.4550044692472,16.88575785859421,-179.25669761606633,-74.76270429919255,0.0
1761183262.039636,4,flex_down,162.87253963113653,-68.73729927384244,17.167770004093278,-178.87944364283075,-74.77629293207704,0.0
1761183262.178505,4,flex_down,162.7716416857894,-68.65958204712977,0.0,-179.00063721666015,-75.0569925525655,-27.826755267287577
1761183262.313283,4,flex_down,162.8852582285935,-68.62120011974204,0.0,-178.87014648807158,-75.04835174141715,0.0
1761183262.4430988,4,flex_down,163.1413158972673,-68.37928593771275,0.0,-178.62289074885263,-75.46462743727618,0.0
1761183262.57686,4,flex_down,163.53741160104366,-67.94074203237541,0.0,-178.4781619210922,-75.50791084129402,0.0
1761183262.710737,4,flex_down,163.7085997704728,-67.75455813793258,15.912184102668887,-178.32872455665444,-75.671682306924,0.0
1761183262.8439941,4,flex_down,163.04371117609486,-67.96133048967657,0.0,-178.80058279595312,-75.66490771703218,-65.5738783168779
1761183262.978127,4,flex_down,163.15426184613483,-68.05346946887012,0.0,-178.74317600997898,-74.85777061463659,0.0
1761183263.111776,4,flex_down,163.67782128590153,-67.98989929856789,0.0,-178.23310283266937,-74.8253312699558,0.0
1761183263.245564,4,flex_down,163.61746897525526,-68.00719597683464,0.0,-178.282361175395,-74.77171546780444,0.0
1761183263.37792,4,flex_down,162.6838271123782,-67.74267628958276,0.0,-179.1830851254084,-75.50622935337748,0.0
1761183263.511627,4,flex_down,162.3808302458806,-67.79011935206923,0.0,-179.4556546936325,-75.42660858286739,0.0
1761183263.644047,4,flex_down,162.70014609292937,-67.7678268722077,0.0,-179.23979186803976,-75.20876391747727,0.0
1761183263.7796218,4,flex_down,163.45732265692237,-67.94005969548836,15.61472850069644,-178.33582994753925,-75.34706793605537,-40.308868305168964
1761183263.912003,4,flex_down,163.4427565448332,-68.2780529481865,0.0,-178.24439839895896,-75.37878385154741,-41.61433025431277
1761183264.046348,4,flex_down,163.35036772013527,-68.33835346121236,16.39386169831794,-178.49059110643276,-75.04918911371469,0.0
1761183264.177887,4,flex_down,163.3143692921332,-68.6907879538238,0.0,-178.41915079814382,-74.65270782263987,0.0
1761183269.445368,5,flex_front,-23.13723199128707,-5.988119286163617,0.0,-31.18535408407068,-3.878092125685586,0.0
1761183269.581232,5,flex_front,-23.493359672677776,-5.975035840321091,-51.76253594334053,-31.647737901908638,-4.032095412493975,-103.4117761240258
1761183269.7122612,5,flex_front,-24.996404700148886,-6.089729780198584,0.0,-33.381508054804286,-4.137374049533528,107.4698642834839
1761183269.845956,5,flex_front,-25.688496167943093,-6.084128153767038,-50.04964572390045,-34.064662460584344,-4.168678115228768,106.46678633268748
1761183269.979684,5,flex_front,-25.51375695176141,-5.941755525805221,0.0,-33.79382890938383,-4.24182565194268,0.0
1761183270.1113222,5,flex_front,-25.942189541315027,-5.801120294232363,0.0,-34.20698107010772,-4.114090341680332,0.0
1761183270.2452962,5,flex_front,-26.82213394483772,-5.7870978276453,-43.08657390874322,-35.19285236277625,-4.110846398067911,97.09960525546413
1761183270.3777668,5,flex_front,-27.010443138715225,-5.664233926367931,-140.11927908914922,-35.3888269049873,-4.168655975843276,0.0
1761183270.5126011,5,flex_front,-26.94342448239443,-5.609760071983358,0.0,-35.37060388892219,-4.2532440577438875,0.0
1761183270.64544,5,flex_front,-26.08025417758304,-5.582353618442704,0.0,-34.563916452659015,-4.345193972368811,0.0
1761183270.778775,5,flex_front,-26.11034104846499,-5.564996699382587,0.0,-34.5903780364336,-4.357834026567014,0.0
1761183270.9133599,5,flex_front,-25.29998001959321,-5.488088002270775,0.0,-33.71450563380581,-4.322903580441747,0.0
1761183271.042746,5,flex_front,-24.281138873147153,-5.447262220903453,-132.1476659114901,-32.635050930317,-4.384214475181086,91.08011532603027
1761183271.1813319,5,flex_front,-24.764400942192704,-5.440057322212102,-131.0595976534538,-33.134776454100745,-4.415304902649018,0.0
1761183271.314118,5,flex_front,-23.62989788767924,-5.414159050775848,0.0,-31.96265642753709,-4.386816642506813,-84.95636550436821
1761183271.4439921,5,flex_front,-24.217295290640465,-5.4367438383796465,-130.2519965906319,-32.57841297660786,-4.395730041763047,0.0
1761183271.58068,5,flex_front,-23.388649936208395,-5.25727179695562,0.0,-31.637477182654123,-4.036040165866605,0.0
1761183271.714099,5,flex_front,-21.845447957455175,-5.185861885017819,0.0,-30.139894689070864,-3.993991946400453,0.0
1761183271.844933,5,flex_front,-22.133736466874755,-5.1064801955597146,0.0,-30.420561197997667,-4.020296496319599,58.95546734760366
1761183271.98107,5,flex_front,-19.968873192991907,-4.779577916834419,0.0,-28.01611145291295,-3.8754296810271622,0.0
1761183272.120903,5,flex_front,-20.551923046156904,-4.69862181072843,102.5682279036472,-28.682220753041953,-3.8384480201107594,0.0
1761183272.244713,5,flex_front,-20.835461598256707,-4.535285338070665,0.0,-28.995396045922327,-3.7857898880309055,0.0
1761183272.379723,5,flex_front,-20.657980043402443,-4.393821748753137,-97.5855590650437,-28.876479802793465,-3.6797941238848733,0.0
1761183272.511947,5,flex_front,-20.642857522290097,-4.3273779350722075,0.0,-28.92159776127838,-3.552931998495994,135.3701016240045
1761183272.647362,5,flex_front,-20.4746961135181,-4.237214988939744,0.0,-28.87568951887019,-3.496967670304782,0.0
1761183272.7789938,5,flex_front,-20.287922663752948,-4.139591992488348,0.0,-28.830657029986035,-3.4119877194527515,132.78580174532348
1761183272.914192,5,flex_front,-20.7015589423861,-3.993664506046509,0.0,-29.29242874696964,-3.251184563213425,125.96536637617336
1761183273.045469,5,flex_front,-21.37430192462885,-3.731105609047977,-72.42207078693852,-29.944734381164942,-3.1009668739706933,0.0
1761183273.1821818,5,flex_front,-21.685591156985797,-3.5591517709206717,0.0,-30.24138069695535,-3.013759988077673,0.0
1761183273.313345,5,flex_front,-22.497879778520154,-3.4388721219012126,0.0,-31.072538592530822,-2.874704649529636,98.30277808657469
1761183273.445227,5,flex_front,-22.774644041850827,-3.398536875295768,0.0,-31.34027897347525,-2.8296521434922166,91.98568231826052
1761183273.582402,5,flex_front,-21.888700408189987,-3.2708607372856124,-116.79418803787563,-30.33171878129113,-2.8132545542981586,88.07010773349343
1761183273.711225,5,flex_front,-21.614750308330244,-3.278839579169661,0.0,-30.153414775635028,-2.7392618783781844,0.0
1761183273.846334,5,flex_front,-23.632872559833995,-3.3243641587790855,-120.27353867838687,-32.333755256750656,-2.7129364886296297,0.0
1761183273.983295,5,flex_front,-24.459655732366784,-3.3596141349383157,0.0,-33.193325834891944,-2.7869436697703707,83.87495166963637
1761183274.110026,5,flex_front,-24.802195118070415,-3.372249963420544,0.0,-33.501150892512385,-2.8266434437824146,0.0
1761183274.217833,5,flex_front,-24.71884529973373,-3.2922532587952182,-114.89584308843243,-33.17010871924885,-2.8758054951662553,90.90189150370358
1761183274.3483179,5,flex_front,-24.804042342561704,-3.3125889070570027,0.0,-33.33557865253933,-2.949736156907414,0.0
1761183274.481013,5,flex_front,-25.104456113833564,-3.3088076248853757,0.0,-33.63096274232669,-2.9462437608719174,0.0
1761183274.619885,5,flex_front,-25.56513983335488,-3.3085558192607474,0.0,-34.05152580298356,-2.9206345187620064,0.0
1761183274.746144,5,flex_front,-25.877083578282857,-3.3132537618976525,0.0,-34.43961071510339,-2.9212233576091364,0.0
1761183274.881844,5,flex_front,-26.74889130408902,-3.3183837498599282,0.0,-35.472939133241105,-2.995687897747081,0.0
1761183275.020162,5,flex_front,-26.489945802747553,-3.1311298102946328,0.0,-35.01698651793988,-2.9945667043640976,0.0
1761183275.145592,5,flex_front,-24.350137938730512,-2.771552771052061,0.0,-32.59521424248185,-2.9008517150157673,100.84981402470108
1761183275.279148,5,flex_front,-24.529989963247264,-2.7143287982524416,0.0,-32.851661144554065,-2.867181203326192,0.0
1761183275.418679,5,flex_front,-26.31286184050025,-2.6447990573971203,0.0,-34.559410245632,-2.865743579576972,0.0
1761183275.5460339,5,flex_front,-26.15715799237497,-2.6031044679607933,0.0,-34.45471566746647,-2.777944849526777,0.0
1761183275.679553,5,flex_front,-25.99000658470622,-2.5726299425976533,0.0,-34.29373152121812,-2.778861384238975,0.0
1761183275.819993,5,flex_front,-25.2872088614421,-2.4651497732543612,0.0,-33.552070367009854,-2.730024309478042,0.0
1761183275.9450188,5,flex_front,-23.786105137392777,-2.3197534546192693,0.0,-31.944974926427733,-2.6717655068480926,0.0
1761183276.081541,5,flex_front,-23.27586428379461,-2.1009061833632625,0.0,-31.363843357977505,-2.521790729769179,0.0
1761183276.260092,5,flex_front,-23.226741443082044,-2.012672990382833,0.0,-31.394538068550023,-2.398435780818974,87.62133879267655
1761183276.382957,5,flex_front,-23.052055296659503,-1.9650387380728054,0.0,-31.199202685790233,-2.301869526305469,84.15408060588396
1761183276.51299,5,flex_front,-22.83156872914912,-1.9298009363658783,0.0,-30.923856229131754,-2.245268566875289,0.0
1761183276.6215098,5,flex_front,-21.23348326739857,-1.889054210189348,0.0,-29.232638333711183,-2.201505220148898,80.25196950357775
1761183276.745536,5,flex_front,-20.961281101661918,-1.8757954808350232,0.0,-28.948889202060833,-2.1550192180900716,77.22675423789663
1761183276.881293,5,flex_front,-21.747614353718326,-1.8873358641753084,0.0,-29.780443402359932,-2.0585553256901967,69.70419739580151
1761183277.022838,5,flex_front,-21.998103785550587,-1.870962275987499,0.0,-30.054297741258758,-1.965390967696858,0.0
1761183277.143517,5,flex_front,-22.500839626360047,-1.8768406309671346,0.0,-30.576090004588654,-1.9323538669290103,0.0
1761183277.27983,5,flex_front,-22.53326521330188,-1.8590766029837995,0.0,-30.60362593715063,-1.8869884427319918,0.0
1761183277.419544,5,flex_front,-22.2833393555555,-1.8321234112852256,0.0,-30.330532682070647,-1.7971300090025986,56.43985423060497
1761183277.544188,5,flex_front,-22.202687745079658,-1.7622540528958115,0.0,-30.153075046690464,-1.7172916101628795,0.0
1761183277.680761,5,flex_front,-22.530284360801442,-1.757506934419411,0.0,-30.529054891099875,-1.6668149432882409,0.0
1761183277.825448,5,flex_front,-23.058019800995257,-1.7335384729511039,0.0,-31.034544060395113,-1.647114604216172,117.02450205458668
1761183277.945009,5,flex_front,-23.879645793269923,-1.718049070313425,0.0,-31.813454454754613,-1.640843363768271,0.0
1761183278.0809631,5,flex_front,-24.295621148155313,-1.706329909166846,0.0,-32.30933554737538,-1.6054841586682653,116.46360273489037
1761183278.220166,5,flex_front,-24.38226793705513,-1.6858637167147292,0.0,-32.38251282346037,-1.5577030861381396,0.0
1761183278.346935,5,flex_front,-24.394678312399513,-1.6608046127229565,0.0,-32.370704147579595,-1.5179927953929493,0.0
1761183278.480525,5,flex_front,-25.49849375912608,-1.6718605204457744,0.0,-33.48341582470909,-1.521235303261767,0.0
1761183278.6196952,5,flex_front,-25.764538164624813,-1.7315698859271902,78.41789365229434,-33.73091642419693,-1.523395794357565,113.48737452060223
1761183278.7448971,5,flex_front,-26.531064690262667,-1.8207670419901716,0.0,-34.487591461738674,-1.5546124344057788,0.0
1761183278.881824,5,flex_front,-27.156464440095966,-2.006713517094912,0.0,-35.07878642825914,-1.5604300207183557,0.0
1761183279.020653,5,flex_front,-26.864016931322105,-2.1928662305697784,95.07711665811158,-34.815347045180005,-1.560861935576399,115.16936382358121
1761183279.147014,5,flex_front,-27.39527882094933,-2.3863834137213096,0.0,-35.31055343237678,-1.562723240221769,115.48429753859537
1761183279.279917,5,flex_front,-27.220413774098816,-2.485445242424534,104.7300662446258,-35.23977610858924,-1.5935050827622579,0.0
1761183279.421694,5,flex_front,-27.005183024564214,-2.565289616584065,107.08667950912233,-34.96594904389162,-1.6446385738717475,0.0
1761183284.7122629,6,flex_up,18.82657872540743,70.86083854083216,76.67760408544468,-24.56272299161161,57.174363540760666,-0.3180256070821944
1761183284.848793,6,flex_up,18.25307183540238,70.69301918630083,73.45556568791417,-24.83857487787346,57.372793803583626,-0.017141399396873622
1761183284.980149,6,flex_up,20.08410872371753,71.38637301596408,0.0,-24.718035402216454,58.21334924309335,1.6711763809532567
1761183285.113388,6,flex_up,24.574349505927863,73.65700408835868,0.0,-26.63467056871586,60.01486267168288,10.498978100801775
1761183285.2259881,6,flex_up,21.04560938920886,72.52425260017968,130.61185651392609,-26.677996408482674,60.169511698847856,0.0
1761183285.3847628,6,flex_up,23.92385907824943,73.68409987709934,0.0,-27.590716438577417,62.116256539170415,69.8346962904886
1761183285.514621,6,flex_up,10.60085012593882,67.10721226692846,-137.07847535469617,-25.938222965110388,58.678164000334114,3.083003044249815
1761183285.648695,6,flex_up,12.826591000012494,67.50859367370582,0.0,-25.243610626803143,60.4434144616384,0.0
1761183285.779021,6,flex_up,13.24707687568855,68.39450538913049,0.0,-26.42396427161109,60.768100034286704,0.0
1761183285.915524,6,flex_up,15.380166615257904,70.30591012692443,0.0,-27.37720163669437,60.75152937890807,0.0
1761183286.045009,6,flex_up,18.919691836730237,73.3731134257082,0.0,-31.557708604981737,62.78997849895285,112.72437542726388
1761183286.181667,6,flex_up,21.689918081875597,74.16884766330162,0.0,-31.408397555714124,64.53371305136457,141.67395559612535
1761183286.316618,6,flex_up,16.91076432837286,72.7106409126665,0.0,-31.107171914160766,63.12070700426729,123.19169651159937
1761183286.448493,6,flex_up,16.10365823345216,72.41489851724134,0.0,-30.82506880734644,63.02721754716738,121.33180801839185
1761183286.5816162,6,flex_up,15.801792485513174,72.25358939524095,103.71860651532734,-30.464670847355357,63.25051152402181,126.51773274725873
1761183286.711231,6,flex_up,49.19998776105057,79.47101327585976,140.39471663453756,-29.629810794079052,63.63992504462315,132.1741053707291
1761183286.848165,6,flex_up,52.71475219145057,79.64830065176953,149.01289442299898,-27.686522678965712,63.404925616583824,126.76009817644285
1761183286.97918,6,flex_up,38.209643890052796,78.07143700106873,0.0,-28.458012015733093,63.61821012239021,0.0
1761183287.114194,6,flex_up,24.07249332177453,74.57508129928878,169.65304475153806,-26.628184226584096,61.88968908434724,-100.8445233710837
1761183287.248348,6,flex_up,28.936602390001134,76.51875886415965,87.84341663191306,-29.414157722310758,62.987087222918355,119.80791016997175
1761183287.381057,6,flex_up,43.74142612936632,79.12204708739957,0.0,-30.030601371151157,62.52461085549591,0.0
1761183287.5153542,6,flex_up,39.65675933180151,78.5181804799049,168.69641283851539,-29.27383446065062,62.55397784028857,0.0
1761183287.6479082,6,flex_up,20.927726990391218,74.12079777637787,0.0,-29.590165151805955,63.053882851413235,0.0
1761183287.786585,6,flex_up,20.673487491390276,73.7123321930879,0.0,-28.601490861077874,62.94162781651011,117.8355275785473
1761183287.913783,6,flex_up,19.998259076340123,73.82573699081124,0.0,-29.428288721881554,62.6305760764031,109.96866221766253
1761183288.0478451,6,flex_up,18.59952550986588,73.04874213374177,126.04791432050787,-28.96398885371149,62.72604682617948,0.0
1761183288.182612,6,flex_up,25.948106517514997,75.4068954137118,67.76988750800722,-28.57617575190862,63.39502122701253,0.0
1761183288.314534,6,flex_up,25.423773221509553,75.24939113173856,0.0,-28.58426775026875,63.3429777119631,0.0
1761183288.449169,6,flex_up,16.44874640829947,71.21532308469527,71.88905393483402,-27.275101815292782,62.49270345899295,0.0
1761183288.581326,6,flex_up,16.83093554661514,71.53032329797274,0.0,-27.297073361475768,62.167874764029264,0.0
1761183288.713831,6,flex_up,18.028829510765814,72.2584663058988,95.74071374953496,-27.472995561094162,62.2584324302977,0.0
1761183288.847362,6,flex_up,17.918190101230014,72.44820042846723,0.0,-28.088240063834636,62.47726202408902,104.06536014826531
1761183288.9814,6,flex_up,21.06091951142896,73.54766255288285,0.0,-27.745615645732023,63.15471842524411,0.0
1761183289.11375,6,flex_up,18.521257201823666,71.92916551740058,84.39499276319377,-26.604065463340326,63.15538430616057,0.0
1761183289.221047,6,flex_up,17.995630422374916,71.90715199476328,84.54937981678687,-26.675757426658652,62.57443496136198,0.0
1761183289.356682,6,flex_up,13.923910122698896,70.50603405034785,0.0,-28.799422924620377,63.31265204606955,126.65031873193384
1761183289.47939,6,flex_up,12.199270399105984,69.44220766311783,0.0,-27.89742389487767,61.34346994398092,0.0
1761183289.6229188,6,flex_up,10.706307020906237,68.64650638527941,49.30079898953112,-28.3256626613499,61.010980281167896,34.3353904915864
1761183289.747957,6,flex_up,8.745150037262563,66.61318234622554,41.12094657058744,-26.443101102634927,58.64748172886309,4.408319700686937
1761183289.882237,6,flex_up,8.78899503264322,67.39934942527408,0.0,-27.6729089947392,59.49901135218746,-49.22738284000074
1761183290.023582,6,flex_up,8.081688741280626,67.99898980654615,0.0,-30.19061042915226,61.692528109951766,0.0
1761183290.15042,6,flex_up,9.43526594635521,68.14855091700967,0.0,-28.478693626099023,60.8150221273755,0.0
1761183290.280237,6,flex_up,15.582054235953816,69.13324297680393,0.0,-24.704800723543073,61.97441166054999,0.0
1761183290.420873,6,flex_up,24.533766256216218,73.31373503199165,146.6233605514389,-25.395606036739192,62.82446187946387,0.0
1761183290.5479748,6,flex_up,26.09405362917884,73.39943050067332,0.0,-24.48991593583625,62.68394561993935,86.722761441974
1761183290.682323,6,flex_up,24.27027261997989,72.66546067074592,130.8423347144063,-24.61828784076216,62.288029563645,67.15374746765298
1761183290.823083,6,flex_up,35.92302710600243,76.0240322806539,0.0,-26.028249888185808,63.18040137731761,0.0
1761183290.945943,6,flex_up,28.682482134027904,74.30333119442042,0.0,-27.03967921518924,63.72111126031432,0.0
1761183291.079747,6,flex_up,18.183404438573284,71.54625792685042,-151.99788553849842,-28.250420968210673,60.71353934140265,0.0
1761183291.2275488,6,flex_up,22.742850482321725,72.467001322355,0.0,-26.763964081164495,61.9818839908982,50.67440628283354
1761183291.350394,6,flex_up,37.68444015970204,75.61390458692375,90.28195236302257,-25.07811265293703,65.34494041012786,142.30297781607172
1761183291.48161,6,flex_up,43.95103071314362,77.08040028175861,0.0,-27.624632229473725,65.90421679443037,0.0
1761183291.626812,6,flex_up,45.32307302260038,77.32143633718326,0.0,-26.34803838431653,64.95962888086282,138.93093586379518
1761183291.750029,6,flex_up,41.989729085113986,76.85566018906374,0.0,-25.808149007086655,65.09122388441027,139.69000766022765
1761183291.8775082,6,flex_up,37.21304427258668,76.42799050676355,103.91806254722964,-27.038423754588354,64.58527157902097,0.0
1761183292.0260952,6,flex_up,27.341696621508135,74.34563644977149,0.0,-27.63535562075156,64.43360156252807,0.0
1761183292.1407611,6,flex_up,28.370477976469516,74.62363465383574,-176.00068343958785,-27.237382934819777,64.52456437460008,135.1988495295266
1761183292.2977972,6,flex_up,26.957991995317446,74.53849726416486,-178.04890275003254,-27.716151482253373,63.75966180737135,0.0
1761183292.418336,6,flex_up,38.06627024942003,77.05696377545026,-146.1132764741433,-27.647898309508832,63.91681333013683,0.0
1761183292.5499861,6,flex_up,38.46318106774978,77.07675607340538,-146.05872764826077,-27.360254848301572,63.91060171712321,0.0
1761183292.680298,6,flex_up,49.14998636580411,78.26318527379085,0.0,-25.231210379697405,64.0844264565968,0.0
1761183292.8253188,6,flex_up,36.59857217909266,76.01811917498718,88.0544097897874,-23.90829207131141,63.78450645048983,0.0
1761183292.9482281,6,flex_up,35.57016522021284,75.86236399477835,0.0,-23.696513196237913,62.3539103990161,0.0
1761183293.079336,6,flex_up,41.460126582196764,76.75790895656228,0.0,-22.39115311418311,63.01288363062276,0.0
1761183293.223518,6,flex_up,36.03929855838395,75.42699707665876,0.0,-21.71072577051492,62.97611944354251,0.0
1761183293.34958,6,flex_up,33.07653055720312,74.87125415489,0.0,-21.57793762863182,60.860480817852626,0.0
1761183293.480293,6,flex_up,33.90833450247777,75.04724323125289,0.0,-21.927186804461947,61.42713578436415,0.0
1761183293.6236448,6,flex_up,29.572492894935422,74.13370553132847,0.0,-23.42973638172656,61.48122010995134,0.0
1761183293.746772,6,flex_up,30.06731615141291,74.09648481996855,177.33646634635232,-23.15800792709896,61.76466276584242,0.0
1761183293.881207,6,flex_up,29.983747132972304,74.01659931566205,176.41263800088416,-23.284247356970706,62.053536874683736,58.0766633803828
1761183294.027544,6,flex_up,37.09871779307619,75.74678587915672,0.0,-23.422157290490873,62.443237050547054,0.0
1761183294.145568,6,flex_up,39.34554182244953,76.06763475270378,0.0,-23.77143353367066,64.34504376566325,130.35674066402512
1761183294.276903,6,flex_up,41.46524601006722,76.46583854960218,0.0,-23.958526485320945,64.75038105665786,0.0
1761183294.4241998,6,flex_up,31.48847809035127,73.3654777726416,156.48754268540696,-20.05636008351584,62.61232787761552,0.0
1761183294.547122,6,flex_up,31.43896775957875,73.71344469545915,0.0,-20.755938081234657,62.362388229211284,0.0
1761183294.681876,6,flex_up,32.56404424432204,74.10695981178509,0.0,-22.002315935574817,64.42688204366401,0.0
